departamento,salario atual (R$),salario atual (R$),aumento salarial (%)
Financeiro,10682.865979381444,10021.0,7.728041237113402
Marketing,11806.242424242424,11854.0,7.0600000000000005
RH,11536.237113402061,11819.0,7.609690721649485
TI,11918.730337078652,11982.0,7.93
Vendas,11935.237288135593,11753.0,7.250593220338984
