departamento,aumento salarial (%)
Financeiro,7.728041237113402
Marketing,7.0600000000000005
RH,7.609690721649485
TI,7.93
Vendas,7.250593220338984
